GEO_ID,NAME,DP04_0057E,DP04_0057M,DP04_0058E,DP04_0058M,DP04_0059E,DP04_0059M,DP04_0060E,DP04_0060M,DP04_0061E,DP04_0061M,DP04_0057PE,DP04_0057PM,DP04_0058PE,DP04_0058PM,DP04_0059PE,DP04_0059PM,DP04_0060PE,DP04_0060PM,DP04_0061PE,DP04_0061PM
Geography,Geographic Area Name,Estimate!!VEHICLES AVAILABLE!!Occupied housing units,Margin of Error!!VEHICLES AVAILABLE!!Occupied housing units,Estimate!!VEHICLES AVAILABLE!!Occupied housing units!!No vehicles available,Margin of Error!!VEHICLES AVAILABLE!!Occupied housing units!!No vehicles available,Estimate!!VEHICLES AVAILABLE!!Occupied housing units!!1 vehicle available,Margin of Error!!VEHICLES AVAILABLE!!Occupied housing units!!1 vehicle available,Estimate!!VEHICLES AVAILABLE!!Occupied housing units!!2 vehicles available,Margin of Error!!VEHICLES AVAILABLE!!Occupied housing units!!2 vehicles available,Estimate!!VEHICLES AVAILABLE!!Occupied housing units!!3 or more vehicles available,Margin of Error!!VEHICLES AVAILABLE!!Occupied housing units!!3 or more vehicles available,Percent!!VEHICLES AVAILABLE!!Occupied housing units,Percent Margin of Error!!VEHICLES AVAILABLE!!Occupied housing units,Percent!!VEHICLES AVAILABLE!!Occupied housing units!!No vehicles available,Percent Margin of Error!!VEHICLES AVAILABLE!!Occupied housing units!!No vehicles available,Percent!!VEHICLES AVAILABLE!!Occupied housing units!!1 vehicle available,Percent Margin of Error!!VEHICLES AVAILABLE!!Occupied housing units!!1 vehicle available,Percent!!VEHICLES AVAILABLE!!Occupied housing units!!2 vehicles available,Percent Margin of Error!!VEHICLES AVAILABLE!!Occupied housing units!!2 vehicles available,Percent!!VEHICLES AVAILABLE!!Occupied housing units!!3 or more vehicles available,Percent Margin of Error!!VEHICLES AVAILABLE!!Occupied housing units!!3 or more vehicles available
0600000US1205790286,"Brandon CCD, Hillsborough County, Florida",73063,1422,2865,504,27098,1398,29937,1467,13163,931,73063,(X),3.9,0.7,37.1,1.7,41,1.7,18,1.3
0600000US1205791735,"Keystone-Citrus Park CCD, Hillsborough County, Florida",56467,1236,1874,420,17759,1007,25951,1048,10883,937,56467,(X),3.3,0.7,31.5,1.7,46,1.6,19.3,1.5
0600000US1205792614,"Palm River-Gibsonton CCD, Hillsborough County, Florida",21804,937,771,244,8681,679,8965,900,3387,450,21804,(X),3.5,1.1,39.8,2.9,41.1,3.3,15.5,2
0600000US1205792769,"Plant City CCD, Hillsborough County, Florida",31184,962,1613,425,9473,860,11878,641,8220,604,31184,(X),5.2,1.4,30.4,2.2,38.1,1.9,26.4,2
0600000US1205793003,"Ruskin CCD, Hillsborough County, Florida",40079,909,2063,494,16188,858,16262,952,5566,691,40079,(X),5.1,1.2,40.4,2,40.6,2.3,13.9,1.6
0600000US1205793367,"Tampa CCD, Hillsborough County, Florida",294992,2187,23034,1281,124394,2462,106804,2742,40760,1500,294992,(X),7.8,0.4,42.2,0.8,36.2,0.9,13.8,0.5
0600000US1205793693,"Wimauma-Riverview CCD, Hillsborough County, Florida",65603,1259,1883,410,17673,1084,31000,1608,15047,1037,65603,(X),2.9,0.6,26.9,1.6,47.3,2.1,22.9,1.6
1400000US12057000101,Census Tract 1.01; Hillsborough County; Florida,1738,189,86,101,1011,200,474,142,167,93,1738,(X),4.9,5.8,58.2,9.3,27.3,7.6,9.6,5.4
1400000US12057000102,Census Tract 1.02; Hillsborough County; Florida,2498,407,473,193,1238,402,635,258,152,106,2498,(X),18.9,7.1,49.6,12.3,25.4,10.2,6.1,4.2
1400000US12057000201,Census Tract 2.01; Hillsborough County; Florida,1381,182,354,127,707,198,293,123,27,37,1381,(X),25.6,8.8,51.2,11,21.2,9.1,2,2.7
1400000US12057000202,Census Tract 2.02; Hillsborough County; Florida,1906,278,290,261,991,206,378,155,247,131,1906,(X),15.2,11.8,52,12.9,19.8,8.2,13,6.8
1400000US12057000301,Census Tract 3.01; Hillsborough County; Florida,1624,257,420,232,761,209,227,120,216,130,1624,(X),25.9,12.3,46.9,11.2,14,7.1,13.3,8.6
1400000US12057000302,Census Tract 3.02; Hillsborough County; Florida,1185,492,80,56,688,481,266,111,151,68,1185,(X),6.8,5.1,58.1,19.8,22.4,13.2,12.7,8.8
1400000US12057000401,Census Tract 4.01; Hillsborough County; Florida,975,167,148,111,297,103,373,126,157,71,975,(X),15.2,10.1,30.5,9.9,38.3,11.4,16.1,7.4
1400000US12057000402,Census Tract 4.02; Hillsborough County; Florida,1109,130,127,76,478,126,413,128,91,82,1109,(X),11.5,6.7,43.1,10.9,37.2,9.7,8.2,7.5
1400000US12057000500,Census Tract 5; Hillsborough County; Florida,1625,186,34,32,645,177,737,140,209,102,1625,(X),2.1,2,39.7,8.6,45.4,8,12.9,6.4
1400000US12057000601,Census Tract 6.01; Hillsborough County; Florida,1926,210,114,85,937,176,745,229,130,56,1926,(X),5.9,4.4,48.7,9.2,38.7,9.6,6.7,3.1
1400000US12057000602,Census Tract 6.02; Hillsborough County; Florida,1011,126,63,47,311,128,427,124,210,106,1011,(X),6.2,4.9,30.8,11.1,42.2,11.2,20.8,10.5
1400000US12057000701,Census Tract 7.01; Hillsborough County; Florida,1209,133,179,93,644,145,343,117,43,39,1209,(X),14.8,7.8,53.3,9.5,28.4,9.2,3.6,3.2
1400000US12057000702,Census Tract 7.02; Hillsborough County; Florida,1032,142,181,113,501,150,330,107,20,33,1032,(X),17.5,10.5,48.5,13.9,32,8.8,1.9,3.2
1400000US12057000800,Census Tract 8; Hillsborough County; Florida,1327,150,21,25,605,164,515,159,186,105,1327,(X),1.6,1.9,45.6,10.6,38.8,11.4,14,7.7
1400000US12057000901,Census Tract 9.01; Hillsborough County; Florida,1110,126,121,75,642,156,243,108,104,53,1110,(X),10.9,6.7,57.8,11.7,21.9,9.2,9.4,4.8
1400000US12057000902,Census Tract 9.02; Hillsborough County; Florida,2311,364,312,194,1567,403,318,161,114,105,2311,(X),13.5,8.3,67.8,11.6,13.8,7.1,4.9,4.6
1400000US12057001001,Census Tract 10.01; Hillsborough County; Florida,1256,212,225,137,504,148,415,162,112,86,1256,(X),17.9,9.2,40.1,12.4,33,11.5,8.9,6.6
1400000US12057001002,Census Tract 10.02; Hillsborough County; Florida,2049,320,157,78,818,220,779,254,295,205,2049,(X),7.7,3.8,39.9,10.2,38,10.7,14.4,9.2
1400000US12057001100,Census Tract 11; Hillsborough County; Florida,904,122,18,22,394,132,389,102,103,55,904,(X),2,2.5,43.6,11.9,43,10.9,11.4,6
1400000US12057001200,Census Tract 12; Hillsborough County; Florida,1423,427,130,90,716,429,478,144,99,56,1423,(X),9.1,7.3,50.3,16.5,33.6,12.1,7,4.2
1400000US12057001300,Census Tract 13; Hillsborough County; Florida,2159,288,390,160,646,218,636,279,487,214,2159,(X),18.1,7.6,29.9,9.9,29.5,11.3,22.6,9.4
1400000US12057001400,Census Tract 14; Hillsborough County; Florida,1847,232,198,156,643,218,730,192,276,133,1847,(X),10.7,7.9,34.8,11.4,39.5,9.8,14.9,7.1
1400000US12057001500,Census Tract 15; Hillsborough County; Florida,1243,201,79,66,477,126,344,100,343,208,1243,(X),6.4,5.5,38.4,10.3,27.7,8.7,27.6,13.5
1400000US12057001600,Census Tract 16; Hillsborough County; Florida,1016,102,82,69,304,101,483,109,147,59,1016,(X),8.1,6.7,29.9,8.7,47.5,9.8,14.5,6.1
1400000US12057001700,Census Tract 17; Hillsborough County; Florida,1932,190,112,72,645,180,908,168,267,117,1932,(X),5.8,3.7,33.4,8,47,8.3,13.8,6
1400000US12057001800,Census Tract 18; Hillsborough County; Florida,1821,206,208,110,976,227,476,150,161,113,1821,(X),11.4,5.9,53.6,9.6,26.1,8.7,8.8,6.1
1400000US12057001900,Census Tract 19; Hillsborough County; Florida,1027,106,15,20,526,109,337,102,149,87,1027,(X),1.5,2,51.2,10,32.8,8.4,14.5,8.4
1400000US12057002000,Census Tract 20; Hillsborough County; Florida,981,81,88,40,512,105,266,93,115,61,981,(X),9,4.2,52.2,9.9,27.1,9,11.7,6
1400000US12057002100,Census Tract 21; Hillsborough County; Florida,1266,279,78,60,627,270,443,121,118,57,1266,(X),6.2,4.7,49.5,13,35,10.6,9.3,5.1
1400000US12057002200,Census Tract 22; Hillsborough County; Florida,787,92,18,16,340,86,311,80,118,60,787,(X),2.3,2.1,43.2,8.8,39.5,8.9,15,7.8
1400000US12057002300,Census Tract 23; Hillsborough County; Florida,1543,131,116,88,529,118,716,165,182,77,1543,(X),7.5,5.7,34.3,7.8,46.4,8.7,11.8,5
1400000US12057002400,Census Tract 24; Hillsborough County; Florida,1781,167,191,92,778,183,605,135,207,107,1781,(X),10.7,5,43.7,9.8,34,7,11.6,5.9
1400000US12057002500,Census Tract 25; Hillsborough County; Florida,2884,423,384,186,1328,350,953,396,219,133,2884,(X),13.3,6.4,46,11.6,33,11.1,7.6,4.8
1400000US12057002600,Census Tract 26; Hillsborough County; Florida,583,105,75,51,319,87,156,72,33,28,583,(X),12.9,8.5,54.7,12.4,26.8,11,5.7,4.9
1400000US12057002701,Census Tract 27.01; Hillsborough County; Florida,1531,178,149,90,657,186,558,171,167,92,1531,(X),9.7,5.9,42.9,11.1,36.4,9.9,10.9,5.9
1400000US12057002702,Census Tract 27.02; Hillsborough County; Florida,1149,182,50,55,338,133,521,184,240,108,1149,(X),4.4,4.9,29.4,11.1,45.3,13.7,20.9,8.8
1400000US12057002800,Census Tract 28; Hillsborough County; Florida,1432,224,16,19,562,217,701,134,153,94,1432,(X),1.1,1.4,39.2,11.4,49,10.7,10.7,6.2
1400000US12057002900,Census Tract 29; Hillsborough County; Florida,864,109,94,54,338,121,330,67,102,52,864,(X),10.9,6.1,39.1,10.7,38.2,9.3,11.8,6.2
1400000US12057003000,Census Tract 30; Hillsborough County; Florida,1022,129,168,101,397,141,373,161,84,68,1022,(X),16.4,9.7,38.8,13.7,36.5,14.2,8.2,6.8
1400000US12057003100,Census Tract 31; Hillsborough County; Florida,1248,351,331,161,447,125,379,363,91,64,1248,(X),26.5,13.6,35.8,15.2,30.4,21.9,7.3,5.4
1400000US12057003200,Census Tract 32; Hillsborough County; Florida,876,203,299,190,322,113,155,74,100,62,876,(X),34.1,16.1,36.8,14,17.7,8.9,11.4,7
1400000US12057003300,Census Tract 33; Hillsborough County; Florida,998,152,237,132,445,106,273,103,43,37,998,(X),23.7,11.5,44.6,11.5,27.4,9.6,4.3,3.5
1400000US12057003400,Census Tract 34; Hillsborough County; Florida,1138,125,401,135,332,124,253,118,152,89,1138,(X),35.2,11.8,29.2,10.5,22.2,9.4,13.4,7.8
1400000US12057003500,Census Tract 35; Hillsborough County; Florida,976,107,160,59,454,108,225,77,137,55,976,(X),16.4,6,46.5,9.2,23.1,7.4,14,5.6
1400000US12057003600,Census Tract 36; Hillsborough County; Florida,1689,314,449,286,595,236,402,122,243,120,1689,(X),26.6,14,35.2,12.6,23.8,9,14.4,6.9
1400000US12057003700,Census Tract 37; Hillsborough County; Florida,335,61,20,31,193,59,108,54,14,17,335,(X),6,9,57.6,15.2,32.2,14.1,4.2,5.1
1400000US12057003800,Census Tract 38; Hillsborough County; Florida,494,146,4,7,193,74,134,53,163,130,494,(X),0.8,1.4,39.1,16,27.1,11.9,33,19.8
1400000US12057004100,Census Tract 41; Hillsborough County; Florida,900,54,264,79,438,85,162,68,36,27,900,(X),29.3,8.2,48.7,9.9,18,7.4,4,3
1400000US12057004200,Census Tract 42; Hillsborough County; Florida,563,105,33,25,178,57,285,90,67,36,563,(X),5.9,4.3,31.6,9.1,50.6,10.8,11.9,6.5
1400000US12057004300,Census Tract 43; Hillsborough County; Florida,799,161,251,107,475,149,0,15,73,53,799,(X),31.4,12,59.4,13.9,0,6.4,9.1,6.4
1400000US12057004400,Census Tract 44; Hillsborough County; Florida,850,173,109,61,412,114,225,125,104,59,850,(X),12.8,7.1,48.5,10.8,26.5,11.8,12.2,7.4
1400000US12057004500,Census Tract 45; Hillsborough County; Florida,1550,196,202,75,443,157,486,150,419,123,1550,(X),13,5,28.6,8.3,31.4,8.6,27,8
1400000US12057004601,Census Tract 46.01; Hillsborough County; Florida,2559,212,101,139,1391,319,835,300,232,168,2559,(X),3.9,5.4,54.4,10.9,32.6,11.8,9.1,6.6
1400000US12057004602,Census Tract 46.02; Hillsborough County; Florida,1051,225,95,104,479,131,403,199,74,43,1051,(X),9,9.1,45.6,12.5,38.3,15,7,4.5
1400000US12057004700,Census Tract 47; Hillsborough County; Florida,1139,175,118,97,629,155,277,97,115,91,1139,(X),10.4,8.4,55.2,12.5,24.3,7.4,10.1,7.3
1400000US12057004800,Census Tract 48; Hillsborough County; Florida,1650,206,79,68,627,176,625,142,319,125,1650,(X),4.8,3.9,38,9.2,37.9,8.4,19.3,7.2
1400000US12057004901,Census Tract 49.01; Hillsborough County; Florida,1058,102,45,42,462,113,490,115,61,43,1058,(X),4.3,4,43.7,9.8,46.3,9.9,5.8,4.1
1400000US12057004902,Census Tract 49.02; Hillsborough County; Florida,1998,305,151,111,1164,300,603,204,80,84,1998,(X),7.6,5.3,58.3,11.2,30.2,9.8,4,4.2
1400000US12057005000,Census Tract 50; Hillsborough County; Florida,1913,288,327,169,1143,198,302,198,141,81,1913,(X),17.1,8,59.7,10.3,15.8,9.2,7.4,4.4
1400000US12057005101,Census Tract 51.01; Hillsborough County; Florida,2905,313,662,192,1730,352,445,162,68,73,2905,(X),22.8,7,59.6,8,15.3,5.5,2.3,2.5
1400000US12057005102,Census Tract 51.02; Hillsborough County; Florida,2799,204,142,104,1510,267,1024,257,123,77,2799,(X),5.1,3.8,53.9,8.6,36.6,8.5,4.4,2.8
1400000US12057005301,Census Tract 53.01; Hillsborough County; Florida,2980,202,194,121,1618,237,950,265,218,143,2980,(X),6.5,4,54.3,8.5,31.9,8.2,7.3,4.7
1400000US12057005302,Census Tract 53.02; Hillsborough County; Florida,723,99,105,62,306,95,193,75,119,71,723,(X),14.5,8.7,42.3,11.8,26.7,9.3,16.5,9.4
1400000US12057005401,Census Tract 54.01; Hillsborough County; Florida,2270,288,23,24,910,270,925,218,412,123,2270,(X),1,1.1,40.1,8.6,40.7,9.6,18.1,5.6
1400000US12057005500,Census Tract 55; Hillsborough County; Florida,1454,193,0,15,955,195,355,107,144,88,1454,(X),0,3.5,65.7,9,24.4,7.3,9.9,5.8
1400000US12057005700,Census Tract 57; Hillsborough County; Florida,2405,282,80,79,1220,274,1027,222,78,60,2405,(X),3.3,3.2,50.7,8.8,42.7,8.7,3.2,2.5
1400000US12057005800,Census Tract 58; Hillsborough County; Florida,2234,235,88,67,825,230,1075,221,246,96,2234,(X),3.9,2.9,36.9,8.4,48.1,9.4,11,4.6
1400000US12057005900,Census Tract 59; Hillsborough County; Florida,2627,244,78,81,718,213,1242,239,589,190,2627,(X),3,3.1,27.3,7.3,47.3,7.6,22.4,7.1
1400000US12057006000,Census Tract 60; Hillsborough County; Florida,2301,281,10,16,583,197,1379,254,329,138,2301,(X),0.4,0.7,25.3,7.3,59.9,8.2,14.3,6.1
1400000US12057006101,Census Tract 61.01; Hillsborough County; Florida,1783,277,29,36,823,197,658,153,273,203,1783,(X),1.6,2,46.2,9.7,36.9,9,15.3,10.1
1400000US12057006103,Census Tract 61.03; Hillsborough County; Florida,2308,214,117,84,1327,252,691,210,173,85,2308,(X),5.1,3.7,57.5,9.4,29.9,8.3,7.5,3.8
1400000US12057006200,Census Tract 62; Hillsborough County; Florida,1626,212,14,21,582,198,843,125,187,71,1626,(X),0.9,1.3,35.8,8.9,51.8,7.9,11.5,4.3
1400000US12057006300,Census Tract 63; Hillsborough County; Florida,1715,173,23,28,378,147,875,133,439,130,1715,(X),1.3,1.6,22,7.8,51,8.3,25.6,6.7
1400000US12057006400,Census Tract 64; Hillsborough County; Florida,1522,179,0,15,281,118,794,157,447,119,1522,(X),0,3.4,18.5,6.8,52.2,8.3,29.4,7.9
1400000US12057006501,Census Tract 65.01; Hillsborough County; Florida,1974,313,233,183,920,269,570,138,251,92,1974,(X),11.8,8.5,46.6,9.7,28.9,7.7,12.7,4.9
1400000US12057006503,Census Tract 65.03; Hillsborough County; Florida,970,199,38,45,681,212,151,89,100,53,970,(X),3.9,4.6,70.2,11.1,15.6,9.6,10.3,5.5
1400000US12057006504,Census Tract 65.04; Hillsborough County; Florida,541,86,12,13,401,88,109,58,19,31,541,(X),2.2,2.3,74.1,10.9,20.1,10,3.5,5.7
1400000US12057006600,Census Tract 66; Hillsborough County; Florida,2322,308,112,87,1292,270,760,214,158,153,2322,(X),4.8,3.8,55.6,9.5,32.7,7.7,6.8,6.4
1400000US12057006700,Census Tract 67; Hillsborough County; Florida,2339,300,21,33,767,220,1197,278,354,134,2339,(X),0.9,1.4,32.8,8,51.2,9.3,15.1,5.9
1400000US12057006801,Census Tract 68.01; Hillsborough County; Florida,2499,364,96,91,901,321,1090,287,412,295,2499,(X),3.8,3.7,36.1,11.3,43.6,11.2,16.5,11.2
1400000US12057006802,Census Tract 68.02; Hillsborough County; Florida,1667,177,128,51,530,109,890,189,119,61,1667,(X),7.7,3.1,31.8,7.1,53.4,7.9,7.1,3.6
1400000US12057006900,Census Tract 69; Hillsborough County; Florida,2512,278,151,149,642,232,1323,289,396,146,2512,(X),6,6,25.6,8.5,52.7,10.2,15.8,5.6
1400000US12057007001,Census Tract 70.01; Hillsborough County; Florida,2030,248,47,64,975,243,778,264,230,130,2030,(X),2.3,3.2,48,11.2,38.3,11.8,11.3,6.1
1400000US12057007002,Census Tract 70.02; Hillsborough County; Florida,1409,188,37,34,771,137,477,186,124,76,1409,(X),2.6,2.5,54.7,9.8,33.9,10.1,8.8,5.6
1400000US12057007102,Census Tract 71.02; Hillsborough County; Florida,2751,294,0,15,1570,356,1041,226,140,107,2751,(X),0,1.9,57.1,9.7,37.8,8.4,5.1,3.9
1400000US12057007103,Census Tract 71.03; Hillsborough County; Florida,1622,153,47,37,532,175,630,152,413,150,1622,(X),2.9,2.3,32.8,9.7,38.8,8.7,25.5,9.1
1400000US12057007200,Census Tract 72; Hillsborough County; Florida,2389,190,186,124,987,234,759,245,457,173,2389,(X),7.8,5.2,41.3,8.9,31.8,9.8,19.1,7.4
1400000US12057007300,Census Tract 73; Hillsborough County; Florida,497,97,26,24,45,38,286,79,140,80,497,(X),5.2,4.9,9.1,7.7,57.5,12.4,28.2,14.4
1400000US12057010105,Census Tract 101.05; Hillsborough County; Florida,1767,219,37,29,368,127,691,169,671,206,1767,(X),2.1,1.7,20.8,6.7,39.1,9.4,38,9.6
1400000US12057010106,Census Tract 101.06; Hillsborough County; Florida,1458,163,73,76,229,97,516,134,640,115,1458,(X),5,5.1,15.7,6.2,35.4,7.6,43.9,7.7
1400000US12057010107,Census Tract 101.07; Hillsborough County; Florida,1915,250,121,63,1088,204,469,130,237,157,1915,(X),6.3,3.3,56.8,8.5,24.5,6.5,12.4,7.6
1400000US12057010108,Census Tract 101.08; Hillsborough County; Florida,807,101,12,14,225,77,341,112,229,61,807,(X),1.5,1.8,27.9,8.3,42.3,11.6,28.4,8.4
1400000US12057010203,Census Tract 102.03; Hillsborough County; Florida,984,95,16,18,497,109,360,103,111,69,984,(X),1.6,1.9,50.5,10.5,36.6,9.7,11.3,6.7
1400000US12057010204,Census Tract 102.04; Hillsborough County; Florida,1919,293,0,21,991,283,652,272,276,123,1919,(X),0,2.7,51.6,12.3,34,12.3,14.4,7
1400000US12057010210,Census Tract 102.10; Hillsborough County; Florida,1734,171,153,122,534,157,788,162,259,104,1734,(X),8.8,6.9,30.8,8.7,45.4,8.5,14.9,5.8
1400000US12057010211,Census Tract 102.11; Hillsborough County; Florida,2068,297,50,59,730,155,864,336,424,107,2068,(X),2.4,2.9,35.3,8.7,41.8,11.5,20.5,5.8
1400000US12057010212,Census Tract 102.12; Hillsborough County; Florida,1898,204,44,62,457,125,1031,214,366,100,1898,(X),2.3,3.3,24.1,6.4,54.3,7.4,19.3,5.8
1400000US12057010213,Census Tract 102.13; Hillsborough County; Florida,838,95,12,20,166,70,411,91,249,94,838,(X),1.4,2.3,19.8,8.6,49,9.9,29.7,9.7
1400000US12057010215,Census Tract 102.15; Hillsborough County; Florida,3094,242,5,13,1061,252,1242,318,786,261,3094,(X),0.2,0.4,34.3,7.4,40.1,10.1,25.4,8.2
1400000US12057010216,Census Tract 102.16; Hillsborough County; Florida,2008,253,17,22,531,274,1108,297,352,130,2008,(X),0.8,1.2,26.4,12.5,55.2,13,17.5,7
1400000US12057010217,Census Tract 102.17; Hillsborough County; Florida,1529,228,21,32,572,117,630,250,306,121,1529,(X),1.4,2.1,37.4,9.1,41.2,11.1,20,8.7
1400000US12057010218,Census Tract 102.18; Hillsborough County; Florida,2099,238,40,49,827,190,756,212,476,258,2099,(X),1.9,2.4,39.4,10.3,36,10.1,22.7,10.4
1400000US12057010303,Census Tract 103.03; Hillsborough County; Florida,1174,126,116,88,519,137,263,96,276,114,1174,(X),9.9,7.3,44.2,11.7,22.4,7.6,23.5,9.1
1400000US12057010304,Census Tract 103.04; Hillsborough County; Florida,1504,133,42,40,531,151,536,139,395,100,1504,(X),2.8,2.6,35.3,8.5,35.6,9.3,26.3,6.8
1400000US12057010305,Census Tract 103.05; Hillsborough County; Florida,1516,217,128,99,371,151,600,204,417,124,1516,(X),8.4,6.4,24.5,9.3,39.6,11.1,27.5,8.6
1400000US12057010401,Census Tract 104.01; Hillsborough County; Florida,2370,245,132,110,1232,277,736,224,270,169,2370,(X),5.6,4.8,52,9.1,31.1,9.7,11.4,6.7
1400000US12057010402,Census Tract 104.02; Hillsborough County; Florida,2786,368,197,168,1328,363,1081,305,180,127,2786,(X),7.1,6.2,47.7,10.4,38.8,10.6,6.5,4.3
1400000US12057010501,Census Tract 105.01; Hillsborough County; Florida,2626,404,196,276,1489,411,734,259,207,141,2626,(X),7.5,10,56.7,12.4,28,10.5,7.9,5.5
1400000US12057010502,Census Tract 105.02; Hillsborough County; Florida,1177,191,155,134,493,171,384,119,145,61,1177,(X),13.2,10.6,41.9,11.7,32.6,10.9,12.3,5.6
1400000US12057010600,Census Tract 106; Hillsborough County; Florida,1281,167,79,89,435,163,491,127,276,104,1281,(X),6.2,6.8,34,10.1,38.3,10.3,21.5,7.9
1400000US12057010701,Census Tract 107.01; Hillsborough County; Florida,2249,255,35,41,1053,237,838,266,323,141,2249,(X),1.6,1.8,46.8,9.2,37.3,10.5,14.4,6.3
1400000US12057010702,Census Tract 107.02; Hillsborough County; Florida,1163,141,70,81,332,127,588,156,173,118,1163,(X),6,7,28.5,9.7,50.6,12.7,14.9,9.8
1400000US12057010805,Census Tract 108.05; Hillsborough County; Florida,1984,268,364,211,937,268,399,185,284,157,1984,(X),18.3,10.1,47.2,10.9,20.1,10.2,14.3,7.3
1400000US12057010808,Census Tract 108.08; Hillsborough County; Florida,1534,197,247,137,780,193,354,198,153,148,1534,(X),16.1,9,50.8,13.1,23.1,12.4,10,9.2
1400000US12057010809,Census Tract 108.09; Hillsborough County; Florida,1023,208,40,32,636,206,219,79,128,78,1023,(X),3.9,3.2,62.2,10.2,21.4,8.5,12.5,7.7
1400000US12057010810,Census Tract 108.10; Hillsborough County; Florida,2003,350,113,81,1224,394,571,162,95,48,2003,(X),5.6,4.1,61.1,11.3,28.5,9.6,4.7,2.7
1400000US12057010811,Census Tract 108.11; Hillsborough County; Florida,3293,448,174,113,1333,326,1533,417,253,143,3293,(X),5.3,3.6,40.5,9.8,46.6,9.5,7.7,4.1
1400000US12057010814,Census Tract 108.14; Hillsborough County; Florida,1250,318,206,150,512,192,245,105,287,253,1250,(X),16.5,11.3,41,14.5,19.6,9.2,23,17
1400000US12057010815,Census Tract 108.15; Hillsborough County; Florida,780,125,329,105,305,96,127,110,19,21,780,(X),42.2,13.3,39.1,12.9,16.3,12.2,2.4,2.7
1400000US12057010816,Census Tract 108.16; Hillsborough County; Florida,1591,229,617,205,758,229,170,96,46,65,1591,(X),38.8,11.2,47.6,12.1,10.7,6.1,2.9,4.1
1400000US12057010817,Census Tract 108.17; Hillsborough County; Florida,1923,248,303,154,954,235,473,179,193,120,1923,(X),15.8,7.7,49.6,10.6,24.6,8.5,10,6.2
1400000US12057010819,Census Tract 108.19; Hillsborough County; Florida,916,134,57,62,472,149,330,154,57,56,916,(X),6.2,6.8,51.5,14.5,36,15.4,6.2,6.2
1400000US12057010820,Census Tract 108.20; Hillsborough County; Florida,1390,412,168,131,715,456,382,159,125,96,1390,(X),12.1,9.8,51.4,20,27.5,14.5,9,7.7
1400000US12057010821,Census Tract 108.21; Hillsborough County; Florida,1107,170,531,163,483,135,68,54,25,32,1107,(X),48,11.7,43.6,11.4,6.1,4.7,2.3,2.9
1400000US12057010822,Census Tract 108.22; Hillsborough County; Florida,1104,234,314,139,644,256,125,77,21,32,1104,(X),28.4,13.1,58.3,15.5,11.3,7.1,1.9,3
1400000US12057010823,Census Tract 108.23; Hillsborough County; Florida,1186,190,296,137,546,206,268,121,76,62,1186,(X),25,11,46,14,22.6,10.1,6.4,5.3
1400000US12057010824,Census Tract 108.24; Hillsborough County; Florida,1735,256,339,123,891,267,142,76,363,158,1735,(X),19.5,7.7,51.4,11.3,8.2,4.4,20.9,8.6
1400000US12057010900,Census Tract 109; Hillsborough County; Florida,34,39,0,21,34,39,0,21,0,21,34,(X),0,64.6,100,64.6,0,64.6,0,64.6
1400000US12057011003,Census Tract 110.03; Hillsborough County; Florida,2733,468,168,110,1137,336,922,313,506,371,2733,(X),6.1,4.2,41.6,10.8,33.7,11.6,18.5,11.9
1400000US12057011005,Census Tract 110.05; Hillsborough County; Florida,960,122,0,15,110,58,505,105,345,113,960,(X),0,5.3,11.5,5.8,52.6,10,35.9,10.3
1400000US12057011006,Census Tract 110.06; Hillsborough County; Florida,2610,365,0,21,452,131,1324,411,834,183,2610,(X),0,2,17.3,6,50.7,10.5,32,7.4
1400000US12057011007,Census Tract 110.07; Hillsborough County; Florida,1222,221,22,38,239,78,473,110,488,239,1222,(X),1.8,3.1,19.6,6.5,38.7,11.9,39.9,14.1
1400000US12057011008,Census Tract 110.08; Hillsborough County; Florida,2680,216,200,138,987,231,1083,254,410,206,2680,(X),7.5,5,36.8,7.8,40.4,8.9,15.3,7.8
1400000US12057011010,Census Tract 110.10; Hillsborough County; Florida,1890,259,103,106,990,289,576,229,221,109,1890,(X),5.4,5.6,52.4,11,30.5,12.2,11.7,5.8
1400000US12057011013,Census Tract 110.13; Hillsborough County; Florida,1814,189,31,31,977,221,605,156,201,94,1814,(X),1.7,1.7,53.9,8.7,33.4,9.1,11.1,5.3
1400000US12057011016,Census Tract 110.16; Hillsborough County; Florida,1721,167,12,20,712,141,646,153,351,132,1721,(X),0.7,1.1,41.4,8.1,37.5,8.3,20.4,6.8
1400000US12057011017,Census Tract 110.17; Hillsborough County; Florida,994,76,0,15,419,162,352,147,223,101,994,(X),0,5.1,42.2,15.8,35.4,14.1,22.4,10.3
1400000US12057011018,Census Tract 110.18; Hillsborough County; Florida,2812,411,351,244,1418,372,883,351,160,127,2812,(X),12.5,8.6,50.4,11.8,31.4,10.6,5.7,4.6
1400000US12057011019,Census Tract 110.19; Hillsborough County; Florida,3953,314,24,37,1456,359,1802,256,671,185,3953,(X),0.6,0.9,36.8,7.7,45.6,6.4,17,4.7
1400000US12057011103,Census Tract 111.03; Hillsborough County; Florida,1340,172,0,15,187,107,714,160,439,140,1340,(X),0,3.8,14,7.2,53.3,11.7,32.8,9.8
1400000US12057011106,Census Tract 111.06; Hillsborough County; Florida,1080,107,7,12,548,121,464,85,61,41,1080,(X),0.6,1.1,50.7,8.7,43,8,5.6,3.8
1400000US12057011107,Census Tract 111.07; Hillsborough County; Florida,2657,292,78,101,806,271,1331,349,442,161,2657,(X),2.9,3.8,30.3,10,50.1,10.4,16.6,6.4
1400000US12057011108,Census Tract 111.08; Hillsborough County; Florida,840,110,92,56,273,86,338,67,137,86,840,(X),11,6.4,32.5,10.5,40.2,8.1,16.3,9
1400000US12057011109,Census Tract 111.09; Hillsborough County; Florida,1978,193,20,22,500,120,1105,249,353,96,1978,(X),1,1.1,25.3,6.8,55.9,8.7,17.8,5.1
1400000US12057011203,Census Tract 112.03; Hillsborough County; Florida,1570,153,37,33,725,162,550,149,258,94,1570,(X),2.4,2.1,46.2,8.4,35,9.3,16.4,5.8
1400000US12057011204,Census Tract 112.04; Hillsborough County; Florida,2407,184,125,98,851,196,1153,217,278,129,2407,(X),5.2,4,35.4,7.4,47.9,8.5,11.5,5.3
1400000US12057011205,Census Tract 112.05; Hillsborough County; Florida,1425,193,58,44,385,115,697,153,285,171,1425,(X),4.1,3.2,27,8.2,48.9,10.7,20,10.1
1400000US12057011206,Census Tract 112.06; Hillsborough County; Florida,1422,210,185,148,692,192,329,143,216,85,1422,(X),13,9.7,48.7,11.8,23.1,9.3,15.2,6.5
1400000US12057011301,Census Tract 113.01; Hillsborough County; Florida,1256,161,61,48,332,93,623,162,240,131,1256,(X),4.9,3.9,26.4,7.4,49.6,10.2,19.1,10
1400000US12057011303,Census Tract 113.03; Hillsborough County; Florida,1494,233,74,47,711,232,561,133,148,75,1494,(X),5,3.3,47.6,9.8,37.6,9.4,9.9,5.2
1400000US12057011304,Census Tract 113.04; Hillsborough County; Florida,2425,303,89,125,858,303,1078,293,400,111,2425,(X),3.7,5.1,35.4,10.8,44.5,11.1,16.5,4.7
1400000US12057011407,Census Tract 114.07; Hillsborough County; Florida,1086,112,22,35,534,87,447,79,83,98,1086,(X),2,3.2,49.2,8.2,41.2,7.6,7.6,8.6
1400000US12057011408,Census Tract 114.08; Hillsborough County; Florida,1090,147,44,41,377,143,489,103,180,82,1090,(X),4,3.7,34.6,10.2,44.9,10.2,16.5,7.5
1400000US12057011409,Census Tract 114.09; Hillsborough County; Florida,1295,170,65,77,415,121,477,162,338,66,1295,(X),5,5.8,32,9.2,36.8,9.8,26.1,6.2
1400000US12057011410,Census Tract 114.10; Hillsborough County; Florida,2464,240,27,45,588,173,1210,227,639,241,2464,(X),1.1,1.8,23.9,6.9,49.1,8.8,25.9,8.8
1400000US12057011411,Census Tract 114.11; Hillsborough County; Florida,680,143,0,15,68,42,434,140,178,77,680,(X),0,7.4,10,6.2,63.8,13.2,26.2,10.7
1400000US12057011412,Census Tract 114.12; Hillsborough County; Florida,1459,103,54,45,713,124,491,134,201,98,1459,(X),3.7,3.1,48.9,8.4,33.7,8.4,13.8,6.6
1400000US12057011413,Census Tract 114.13; Hillsborough County; Florida,2410,317,16,26,823,191,1298,355,273,129,2410,(X),0.7,1,34.1,8.6,53.9,10.3,11.3,5.3
1400000US12057011414,Census Tract 114.14; Hillsborough County; Florida,3353,408,327,235,1360,485,1259,213,407,187,3353,(X),9.8,7,40.6,11,37.5,8.3,12.1,5.7
1400000US12057011415,Census Tract 114.15; Hillsborough County; Florida,2197,542,14,25,706,192,783,196,694,539,2197,(X),0.6,1.2,32.1,10.6,35.6,11.9,31.6,18.4
1400000US12057011416,Census Tract 114.16; Hillsborough County; Florida,2552,186,76,49,994,171,973,171,509,181,2552,(X),3,1.9,38.9,6.5,38.1,6.5,19.9,6.6
1400000US12057011417,Census Tract 114.17; Hillsborough County; Florida,2145,242,44,40,680,187,1016,301,405,195,2145,(X),2.1,1.8,31.7,8.6,47.4,11.4,18.9,9.4
1400000US12057011418,Census Tract 114.18; Hillsborough County; Florida,1693,148,89,50,667,139,772,151,165,78,1693,(X),5.3,2.9,39.4,7.4,45.6,7.6,9.7,4.7
1400000US12057011504,Census Tract 115.04; Hillsborough County; Florida,1048,148,15,16,178,57,398,101,457,123,1048,(X),1.4,1.5,17,5.8,38,8.3,43.6,8.3
1400000US12057011506,Census Tract 115.06; Hillsborough County; Florida,3573,335,217,111,1168,299,1497,251,691,216,3573,(X),6.1,3,32.7,7.6,41.9,6.2,19.3,5.9
1400000US12057011509,Census Tract 115.09; Hillsborough County; Florida,2610,433,63,70,457,169,1473,470,617,164,2610,(X),2.4,2.7,17.5,6.7,56.4,10.6,23.6,7.6
1400000US12057011510,Census Tract 115.10; Hillsborough County; Florida,1744,263,38,34,271,84,880,180,555,207,1744,(X),2.2,2,15.5,4.6,50.5,8.7,31.8,9.8
1400000US12057011512,Census Tract 115.12; Hillsborough County; Florida,1543,124,45,37,279,77,750,156,469,119,1543,(X),2.9,2.5,18.1,4.9,48.6,9.2,30.4,7.2
1400000US12057011514,Census Tract 115.14; Hillsborough County; Florida,2426,497,34,39,493,167,1493,545,406,151,2426,(X),1.4,1.7,20.3,8.2,61.5,12,16.7,7.3
1400000US12057011515,Census Tract 115.15; Hillsborough County; Florida,1453,199,13,14,387,141,732,189,321,70,1453,(X),0.9,1,26.6,8.8,50.4,9.3,22.1,5.8
1400000US12057011516,Census Tract 115.16; Hillsborough County; Florida,1270,122,0,15,499,141,616,150,155,92,1270,(X),0,4,39.3,9.7,48.5,10.8,12.2,7.5
1400000US12057011518,Census Tract 115.18; Hillsborough County; Florida,1496,116,13,22,165,73,848,137,470,122,1496,(X),0.9,1.5,11,4.8,56.7,7.9,31.4,7.8
1400000US12057011519,Census Tract 115.19; Hillsborough County; Florida,794,64,4,7,223,64,334,50,233,51,794,(X),0.5,0.9,28.1,6.8,42.1,6.5,29.3,6.3
1400000US12057011520,Census Tract 115.20; Hillsborough County; Florida,2286,257,68,57,631,165,1161,291,426,129,2286,(X),3,2.5,27.6,7.5,50.8,9.6,18.6,5.6
1400000US12057011521,Census Tract 115.21; Hillsborough County; Florida,2196,146,65,64,1049,237,926,224,156,124,2196,(X),3,2.9,47.8,9.2,42.2,10.3,7.1,5.7
1400000US12057011522,Census Tract 115.22; Hillsborough County; Florida,1965,214,49,33,509,97,1018,257,389,135,1965,(X),2.5,1.7,25.9,6.1,51.8,9.2,19.8,6.8
1400000US12057011523,Census Tract 115.23; Hillsborough County; Florida,648,92,6,9,55,28,362,96,225,80,648,(X),0.9,1.4,8.5,4.5,55.9,12,34.7,11
1400000US12057011524,Census Tract 115.24; Hillsborough County; Florida,2208,198,200,217,1163,253,697,219,148,96,2208,(X),9.1,9.3,52.7,11.7,31.6,10.2,6.7,4.4
1400000US12057011525,Census Tract 115.25; Hillsborough County; Florida,1513,138,155,75,434,109,666,134,258,98,1513,(X),10.2,4.9,28.7,7.1,44,7,17.1,6.2
1400000US12057011526,Census Tract 115.26; Hillsborough County; Florida,1891,241,28,48,913,249,744,158,206,113,1891,(X),1.5,2.5,48.3,9.7,39.3,9.1,10.9,5.9
1400000US12057011527,Census Tract 115.27; Hillsborough County; Florida,1364,198,27,31,356,112,718,226,263,75,1364,(X),2,2.2,26.1,8.6,52.6,11.7,19.3,6
1400000US12057011528,Census Tract 115.28; Hillsborough County; Florida,2015,152,56,51,604,174,989,195,366,158,2015,(X),2.8,2.5,30,8.4,49.1,9.3,18.2,7.6
1400000US12057011603,Census Tract 116.03; Hillsborough County; Florida,1435,163,32,37,334,95,749,146,320,157,1435,(X),2.2,2.6,23.3,6.9,52.2,9.8,22.3,9.3
1400000US12057011605,Census Tract 116.05; Hillsborough County; Florida,2020,248,138,110,735,185,804,266,343,151,2020,(X),6.8,5.5,36.4,9.5,39.8,10.3,17,7.2
1400000US12057011610,Census Tract 116.10; Hillsborough County; Florida,2275,348,211,115,739,255,769,295,556,284,2275,(X),9.3,5.1,32.5,11.1,33.8,11.7,24.4,11
1400000US12057011611,Census Tract 116.11; Hillsborough County; Florida,1488,234,0,15,653,198,641,166,194,89,1488,(X),0,3.5,43.9,9.8,43.1,10,13,5.9
1400000US12057011612,Census Tract 116.12; Hillsborough County; Florida,2394,434,178,148,756,221,1101,485,359,195,2394,(X),7.4,6.4,31.6,10.1,46,14.8,15,8.4
1400000US12057011613,Census Tract 116.13; Hillsborough County; Florida,1898,224,106,82,841,258,456,175,495,172,1898,(X),5.6,4.1,44.3,11.3,24,9.2,26.1,9.2
1400000US12057011614,Census Tract 116.14; Hillsborough County; Florida,2664,316,71,55,762,250,1414,252,417,226,2664,(X),2.7,2.1,28.6,8.4,53.1,9.7,15.7,7.6
1400000US12057011615,Census Tract 116.15; Hillsborough County; Florida,1663,233,41,49,994,229,433,184,195,83,1663,(X),2.5,2.9,59.8,9.9,26,10.3,11.7,5.2
1400000US12057011616,Census Tract 116.16; Hillsborough County; Florida,3747,299,54,66,987,288,2187,255,519,200,3747,(X),1.4,1.8,26.3,6.6,58.4,6.5,13.9,5.3
1400000US12057011617,Census Tract 116.17; Hillsborough County; Florida,1594,268,0,15,788,274,536,186,270,124,1594,(X),0,3.2,49.4,12,33.6,11.5,16.9,8.1
1400000US12057011708,Census Tract 117.08; Hillsborough County; Florida,2653,255,19,29,1205,318,1124,278,305,157,2653,(X),0.7,1.1,45.4,10.9,42.4,10.2,11.5,5.6
1400000US12057011712,Census Tract 117.12; Hillsborough County; Florida,2389,310,0,21,896,250,1171,299,322,148,2389,(X),0,2.2,37.5,9.5,49,10.3,13.5,6.1
1400000US12057011713,Census Tract 117.13; Hillsborough County; Florida,2739,309,98,128,1095,230,1231,299,315,277,2739,(X),3.6,4.6,40,9.2,44.9,10.7,11.5,9.6
1400000US12057011714,Census Tract 117.14; Hillsborough County; Florida,1045,256,10,16,421,108,397,241,217,145,1045,(X),1,1.5,40.3,12.5,38,17.3,20.8,12.7
1400000US12057011715,Census Tract 117.15; Hillsborough County; Florida,879,105,10,13,315,119,469,113,85,62,879,(X),1.1,1.5,35.8,11.8,53.4,12.4,9.7,6.8
1400000US12057011716,Census Tract 117.16; Hillsborough County; Florida,2484,219,219,206,987,257,742,246,536,218,2484,(X),8.8,8.3,39.7,10.2,29.9,9.6,21.6,8.3
1400000US12057011802,Census Tract 118.02; Hillsborough County; Florida,2112,234,167,97,742,222,780,273,423,178,2112,(X),7.9,4.6,35.1,10.8,36.9,11.6,20,7.8
1400000US12057011804,Census Tract 118.04; Hillsborough County; Florida,1794,141,49,34,621,150,755,195,369,114,1794,(X),2.7,1.9,34.6,8.3,42.1,9.7,20.6,6.3
1400000US12057011805,Census Tract 118.05; Hillsborough County; Florida,1641,355,42,35,984,351,451,146,164,115,1641,(X),2.6,2.2,60,11.9,27.5,9.9,10,7.1
1400000US12057011806,Census Tract 118.06; Hillsborough County; Florida,1324,150,257,137,627,167,359,157,81,67,1324,(X),19.4,10.5,47.4,11.1,27.1,10.8,6.1,5
1400000US12057011905,Census Tract 119.05; Hillsborough County; Florida,558,153,109,70,178,63,205,138,66,36,558,(X),19.5,12.4,31.9,12.2,36.7,17.3,11.8,7.1
1400000US12057011907,Census Tract 119.07; Hillsborough County; Florida,1341,185,41,33,632,195,427,159,241,123,1341,(X),3.1,2.4,47.1,11.4,31.8,11.7,18,9.1
1400000US12057011908,Census Tract 119.08; Hillsborough County; Florida,1124,274,168,112,678,260,222,118,56,77,1124,(X),14.9,9.8,60.3,14.5,19.8,10.3,5,7
1400000US12057011909,Census Tract 119.09; Hillsborough County; Florida,1320,211,40,55,462,194,500,183,318,144,1320,(X),3,4.2,35,12.8,37.9,11.9,24.1,11
1400000US12057011910,Census Tract 119.10; Hillsborough County; Florida,1431,124,115,105,547,160,618,174,151,82,1431,(X),8,7.3,38.2,10.8,43.2,11.4,10.6,5.7
1400000US12057011911,Census Tract 119.11; Hillsborough County; Florida,2625,309,208,133,1206,239,932,289,279,161,2625,(X),7.9,5,45.9,8.1,35.5,9.3,10.6,6.3
1400000US12057012001,Census Tract 120.01; Hillsborough County; Florida,1110,187,42,37,436,116,511,179,121,62,1110,(X),3.8,3.4,39.3,10.2,46,11.4,10.9,5.9
1400000US12057012002,Census Tract 120.02; Hillsborough County; Florida,1420,154,232,134,479,169,384,145,325,118,1420,(X),16.3,9.3,33.7,10.5,27,9.2,22.9,9.2
1400000US12057012103,Census Tract 121.03; Hillsborough County; Florida,2988,370,420,243,1138,302,1159,434,271,198,2988,(X),14.1,8,38.1,11.6,38.8,11,9.1,6.6
1400000US12057012106,Census Tract 121.06; Hillsborough County; Florida,1922,206,41,43,594,173,964,177,323,179,1922,(X),2.1,2.2,30.9,8.9,50.2,8.8,16.8,8.5
1400000US12057012107,Census Tract 121.07; Hillsborough County; Florida,2141,293,64,46,895,249,877,250,305,131,2141,(X),3,2.1,41.8,9.3,41,10.2,14.2,6.3
1400000US12057012108,Census Tract 121.08; Hillsborough County; Florida,1266,116,32,36,318,118,551,130,365,149,1266,(X),2.5,2.9,25.1,9.2,43.5,10.5,28.8,10.6
1400000US12057012109,Census Tract 121.09; Hillsborough County; Florida,1341,249,78,78,834,236,344,156,85,77,1341,(X),5.8,5.8,62.2,11.8,25.7,10.5,6.3,5.8
1400000US12057012110,Census Tract 121.10; Hillsborough County; Florida,2031,307,108,93,713,208,845,361,365,152,2031,(X),5.3,4.8,35.1,10.7,41.6,13.6,18,7.8
1400000US12057012206,Census Tract 122.06; Hillsborough County; Florida,2201,254,20,36,465,268,1043,297,673,231,2201,(X),0.9,1.7,21.1,10.6,47.4,13.4,30.6,11
1400000US12057012207,Census Tract 122.07; Hillsborough County; Florida,3023,423,92,76,892,386,1533,358,506,211,3023,(X),3,2.5,29.5,10.8,50.7,10.9,16.7,7
1400000US12057012208,Census Tract 122.08; Hillsborough County; Florida,2214,216,50,71,471,167,736,197,957,222,2214,(X),2.3,3.2,21.3,7.3,33.2,8.8,43.2,8.4
1400000US12057012209,Census Tract 122.09; Hillsborough County; Florida,1815,229,32,41,324,130,790,216,669,151,1815,(X),1.8,2.3,17.9,6.9,43.5,8.9,36.9,8.3
1400000US12057012210,Census Tract 122.10; Hillsborough County; Florida,2211,310,89,57,908,232,674,187,540,310,2211,(X),4,2.6,41.1,10.9,30.5,9.1,24.4,11.7
1400000US12057012211,Census Tract 122.11; Hillsborough County; Florida,36,34,2,4,27,33,2,5,5,6,36,(X),5.6,15.1,75,31.5,5.6,15,13.9,20.6
1400000US12057012212,Census Tract 122.12; Hillsborough County; Florida,1640,118,126,102,923,195,442,142,149,76,1640,(X),7.7,6.2,56.3,10.5,27,8.6,9.1,4.7
1400000US12057012213,Census Tract 122.13; Hillsborough County; Florida,1972,183,18,20,559,139,911,184,484,187,1972,(X),0.9,1,28.3,6.5,46.2,9.4,24.5,8.6
1400000US12057012301,Census Tract 123.01; Hillsborough County; Florida,2599,289,375,191,1259,305,730,241,235,115,2599,(X),14.4,7.4,48.4,10.8,28.1,8.3,9,4.4
1400000US12057012303,Census Tract 123.03; Hillsborough County; Florida,1644,349,47,52,633,164,688,301,276,153,1644,(X),2.9,3.3,38.5,10,41.8,12.3,16.8,9.1
1400000US12057012304,Census Tract 123.04; Hillsborough County; Florida,1940,175,113,64,613,140,803,217,411,106,1940,(X),5.8,3.4,31.6,7.2,41.4,9.2,21.2,5.6
1400000US12057012401,Census Tract 124.01; Hillsborough County; Florida,1691,345,191,249,358,181,720,177,422,102,1691,(X),11.3,13.3,21.2,9.3,42.6,10.2,25,7.9
1400000US12057012402,Census Tract 124.02; Hillsborough County; Florida,843,112,17,16,214,80,365,117,247,75,843,(X),2,1.8,25.4,9,43.3,11.6,29.3,8.9
1400000US12057012403,Census Tract 124.03; Hillsborough County; Florida,1860,194,92,81,467,173,655,165,646,200,1860,(X),4.9,4.4,25.1,8.8,35.2,8.3,34.7,9.9
1400000US12057012501,Census Tract 125.01; Hillsborough County; Florida,1477,231,38,37,658,227,542,173,239,119,1477,(X),2.6,2.5,44.5,11.8,36.7,10.7,16.2,8.3
1400000US12057012503,Census Tract 125.03; Hillsborough County; Florida,1819,221,66,79,603,164,677,152,473,144,1819,(X),3.6,4.2,33.2,8.8,37.2,7.3,26,6.7
1400000US12057012504,Census Tract 125.04; Hillsborough County; Florida,1365,225,19,21,267,132,700,218,379,114,1365,(X),1.4,1.5,19.6,9.3,51.3,11.6,27.8,8.3
1400000US12057012600,Census Tract 126; Hillsborough County; Florida,1959,359,192,123,690,341,743,217,334,168,1959,(X),9.8,6.5,35.2,13,37.9,11,17,8.9
1400000US12057012701,Census Tract 127.01; Hillsborough County; Florida,2100,266,171,143,695,293,659,215,575,221,2100,(X),8.1,6.7,33.1,11.8,31.4,11.3,27.4,9.7
1400000US12057012702,Census Tract 127.02; Hillsborough County; Florida,1411,166,169,94,473,130,522,146,247,107,1411,(X),12,6.7,33.5,8.7,37,9.6,17.5,6.7
1400000US12057012800,Census Tract 128; Hillsborough County; Florida,1361,180,125,96,457,142,493,133,286,129,1361,(X),9.2,7,33.6,9.3,36.2,8.9,21,8.8
1400000US12057012900,Census Tract 129; Hillsborough County; Florida,1131,180,145,109,320,154,461,130,205,101,1131,(X),12.8,9,28.3,11.3,40.8,11.5,18.1,9.3
1400000US12057013001,Census Tract 130.01; Hillsborough County; Florida,1302,179,13,21,387,128,652,227,250,124,1302,(X),1,1.6,29.7,10,50.1,13.2,19.2,10.2
1400000US12057013002,Census Tract 130.02; Hillsborough County; Florida,1785,145,24,40,439,143,883,182,439,166,1785,(X),1.3,2.2,24.6,7.8,49.5,10.2,24.6,8.7
1400000US12057013003,Census Tract 130.03; Hillsborough County; Florida,1412,110,48,56,498,120,550,124,316,128,1412,(X),3.4,4,35.3,8.6,39,8.8,22.4,8.3
1400000US12057013004,Census Tract 130.04; Hillsborough County; Florida,1308,292,20,23,430,297,381,120,477,113,1308,(X),1.5,1.9,32.9,16.6,29.1,10.3,36.5,12.2
1400000US12057013100,Census Tract 131; Hillsborough County; Florida,967,120,0,15,291,102,424,122,252,80,967,(X),0,5.3,30.1,10.1,43.8,10.4,26.1,8.1
1400000US12057013203,Census Tract 132.03; Hillsborough County; Florida,1113,95,0,15,172,76,525,100,416,122,1113,(X),0,4.6,15.5,6.6,47.2,9.4,37.4,9.9
1400000US12057013204,Census Tract 132.04; Hillsborough County; Florida,1906,234,52,39,907,213,807,171,140,78,1906,(X),2.7,2,47.6,8.2,42.3,8.2,7.3,4.2
1400000US12057013205,Census Tract 132.05; Hillsborough County; Florida,3138,545,56,74,563,179,1463,445,1056,409,3138,(X),1.8,2.4,17.9,6.2,46.6,11.2,33.7,10.6
1400000US12057013206,Census Tract 132.06; Hillsborough County; Florida,1838,125,33,37,351,110,1036,165,418,109,1838,(X),1.8,2,19.1,6,56.4,7.8,22.7,5.7
1400000US12057013207,Census Tract 132.07; Hillsborough County; Florida,1571,144,16,23,414,133,836,178,305,97,1571,(X),1,1.5,26.4,8.3,53.2,9.1,19.4,6.4
1400000US12057013208,Census Tract 132.08; Hillsborough County; Florida,1886,207,11,12,277,129,1105,251,493,121,1886,(X),0.6,0.7,14.7,6.6,58.6,9.3,26.1,7.4
1400000US12057013305,Census Tract 133.05; Hillsborough County; Florida,1875,187,69,45,520,118,699,212,587,143,1875,(X),3.7,2.4,27.7,6.7,37.3,9.4,31.3,7.3
1400000US12057013307,Census Tract 133.07; Hillsborough County; Florida,1674,225,90,70,955,206,529,209,100,61,1674,(X),5.4,4,57,10.8,31.6,11.3,6,3.7
1400000US12057013310,Census Tract 133.10; Hillsborough County; Florida,1104,167,111,117,372,149,392,119,229,83,1104,(X),10.1,9.8,33.7,12.1,35.5,10.4,20.7,8.3
1400000US12057013311,Census Tract 133.11; Hillsborough County; Florida,1360,180,85,56,610,122,525,168,140,69,1360,(X),6.3,4,44.9,8.2,38.6,9.9,10.3,5.3
1400000US12057013312,Census Tract 133.12; Hillsborough County; Florida,2010,251,37,47,714,215,956,234,303,125,2010,(X),1.8,2.4,35.5,9.2,47.6,9.4,15.1,6.6
1400000US12057013313,Census Tract 133.13; Hillsborough County; Florida,1950,243,42,34,368,99,1033,283,507,123,1950,(X),2.2,1.8,18.9,5.4,53,9.8,26,6.9
1400000US12057013314,Census Tract 133.14; Hillsborough County; Florida,1113,222,20,30,112,48,652,245,329,88,1113,(X),1.8,2.8,10.1,4.9,58.6,12.1,29.6,10.3
1400000US12057013315,Census Tract 133.15; Hillsborough County; Florida,3122,267,36,58,2185,272,865,260,36,45,3122,(X),1.2,1.9,70,7.6,27.7,7.4,1.2,1.5
1400000US12057013316,Census Tract 133.16; Hillsborough County; Florida,1310,149,146,80,668,181,471,148,25,32,1310,(X),11.1,6.3,51,11.8,36,10.3,1.9,2.5
1400000US12057013317,Census Tract 133.17; Hillsborough County; Florida,1408,160,39,43,884,167,445,162,40,27,1408,(X),2.8,3,62.8,10.5,31.6,10.4,2.8,1.9
1400000US12057013319,Census Tract 133.19; Hillsborough County; Florida,2763,386,99,80,1615,433,848,228,201,162,2763,(X),3.6,2.9,58.5,10.7,30.7,9.1,7.3,5.8
1400000US12057013320,Census Tract 133.20; Hillsborough County; Florida,1857,175,49,79,752,208,749,216,307,152,1857,(X),2.6,4.2,40.5,11,40.3,11.5,16.5,7.5
1400000US12057013322,Census Tract 133.22; Hillsborough County; Florida,2672,280,105,103,1227,290,891,226,449,176,2672,(X),3.9,3.8,45.9,9,33.3,8.3,16.8,6.5
1400000US12057013323,Census Tract 133.23; Hillsborough County; Florida,4409,347,62,53,1866,424,2018,511,463,284,4409,(X),1.4,1.2,42.3,9.2,45.8,11,10.5,6.3
1400000US12057013406,Census Tract 134.06; Hillsborough County; Florida,509,83,34,29,120,45,238,73,117,66,509,(X),6.7,5.7,23.6,8.7,46.8,12.8,23,11.7
1400000US12057013407,Census Tract 134.07; Hillsborough County; Florida,2517,294,147,123,468,144,1485,337,417,142,2517,(X),5.8,4.9,18.6,6.1,59,8.9,16.6,6
1400000US12057013409,Census Tract 134.09; Hillsborough County; Florida,1827,232,0,21,439,135,997,273,391,115,1827,(X),0,2.8,24,8,54.6,10.5,21.4,6.4
1400000US12057013410,Census Tract 134.10; Hillsborough County; Florida,1707,157,105,112,771,192,584,161,247,108,1707,(X),6.2,6.6,45.2,9.3,34.2,8.9,14.5,6.7
1400000US12057013411,Census Tract 134.11; Hillsborough County; Florida,1358,252,109,81,434,145,548,183,267,167,1358,(X),8,5.8,32,10.7,40.4,11.1,19.7,10.6
1400000US12057013412,Census Tract 134.12; Hillsborough County; Florida,1540,151,44,48,471,162,652,179,373,151,1540,(X),2.9,3.1,30.6,10.1,42.3,11,24.2,9.4
1400000US12057013413,Census Tract 134.13; Hillsborough County; Florida,1373,123,23,21,325,108,616,160,409,148,1373,(X),1.7,1.5,23.7,7.2,44.9,11.7,29.8,10.3
1400000US12057013414,Census Tract 134.14; Hillsborough County; Florida,2252,278,60,51,653,174,933,288,606,191,2252,(X),2.7,2.3,29,8.5,41.4,9.4,26.9,8.2
1400000US12057013415,Census Tract 134.15; Hillsborough County; Florida,1241,147,12,20,299,89,644,188,286,90,1241,(X),1,1.6,24.1,8.1,51.9,11.2,23,7.3
1400000US12057013501,Census Tract 135.01; Hillsborough County; Florida,1492,305,76,52,620,131,643,307,153,72,1492,(X),5.1,3.4,41.6,11.1,43.1,13.3,10.3,5.5
1400000US12057013503,Census Tract 135.03; Hillsborough County; Florida,1177,143,103,74,399,122,322,153,353,113,1177,(X),8.8,6.5,33.9,10.3,27.4,11.4,30,9.1
1400000US12057013504,Census Tract 135.04; Hillsborough County; Florida,1106,93,27,27,430,138,364,131,285,93,1106,(X),2.4,2.4,38.9,12,32.9,11,25.8,8.7
1400000US12057013505,Census Tract 135.05; Hillsborough County; Florida,1180,141,34,43,513,143,543,147,90,53,1180,(X),2.9,3.5,43.5,10.8,46,11.2,7.6,4.4
1400000US12057013602,Census Tract 136.02; Hillsborough County; Florida,1341,166,30,37,577,153,591,151,143,74,1341,(X),2.2,2.7,43,9.6,44.1,9.5,10.7,5.8
1400000US12057013604,Census Tract 136.04; Hillsborough County; Florida,632,95,67,60,262,135,231,94,72,39,632,(X),10.6,9.1,41.5,18.1,36.6,16.6,11.4,6.6
1400000US12057013702,Census Tract 137.02; Hillsborough County; Florida,4909,426,137,129,2181,477,1923,421,668,240,4909,(X),2.8,2.6,44.4,8.6,39.2,8.3,13.6,4.8
1400000US12057013703,Census Tract 137.03; Hillsborough County; Florida,3692,407,103,80,1765,376,1384,335,440,175,3692,(X),2.8,2.2,47.8,8.4,37.5,8.2,11.9,4.5
1400000US12057013705,Census Tract 137.05; Hillsborough County; Florida,2573,287,276,234,733,212,1114,236,450,270,2573,(X),10.7,9.2,28.5,8.2,43.3,9.1,17.5,9.6
1400000US12057013706,Census Tract 137.06; Hillsborough County; Florida,1189,416,76,60,422,210,631,413,60,60,1189,(X),6.4,5.7,35.5,18.7,53.1,21.3,5,5.6
1400000US12057013801,Census Tract 138.01; Hillsborough County; Florida,772,110,50,49,275,91,350,99,97,51,772,(X),6.5,6.2,35.6,10.1,45.3,11,12.6,7.1
1400000US12057013802,Census Tract 138.02; Hillsborough County; Florida,1491,161,21,32,776,142,403,102,291,169,1491,(X),1.4,2.2,52,10,27,6.8,19.5,10.1
1400000US12057013803,Census Tract 138.03; Hillsborough County; Florida,630,74,43,36,260,78,229,80,98,57,630,(X),6.8,5.5,41.3,11.6,36.3,11.6,15.6,9.1
1400000US12057013804,Census Tract 138.04; Hillsborough County; Florida,3382,417,80,80,623,176,1982,420,697,188,3382,(X),2.4,2.4,18.4,5.2,58.6,7.5,20.6,5.8
1400000US12057013806,Census Tract 138.06; Hillsborough County; Florida,1684,140,46,56,352,144,889,202,397,113,1684,(X),2.7,3.4,20.9,8.9,52.8,10.1,23.6,6.5
1400000US12057013807,Census Tract 138.07; Hillsborough County; Florida,3950,308,25,37,1022,271,2075,340,828,271,3950,(X),0.6,0.9,25.9,6.9,52.5,7.4,21,6.5
1400000US12057013903,Census Tract 139.03; Hillsborough County; Florida,1138,201,63,64,268,80,439,143,368,182,1138,(X),5.5,5.6,23.6,8.1,38.6,10.9,32.3,12.8
1400000US12057013907,Census Tract 139.07; Hillsborough County; Florida,796,233,0,15,184,67,242,67,370,225,796,(X),0,6.4,23.1,10.1,30.4,11.3,46.5,16.5
1400000US12057013912,Census Tract 139.12; Hillsborough County; Florida,2738,358,30,45,423,159,1166,327,1119,264,2738,(X),1.1,1.7,15.4,5.8,42.6,9,40.9,9
1400000US12057013913,Census Tract 139.13; Hillsborough County; Florida,5447,331,74,85,2099,451,2357,540,917,287,5447,(X),1.4,1.6,38.5,7.8,43.3,9.2,16.8,5.5
1400000US12057013914,Census Tract 139.14; Hillsborough County; Florida,3290,632,87,83,843,241,1428,557,932,429,3290,(X),2.6,2.7,25.6,7.6,43.4,13.1,28.3,11.6
1400000US12057013915,Census Tract 139.15; Hillsborough County; Florida,3672,296,38,62,976,264,1572,278,1086,294,3672,(X),1,1.7,26.6,7,42.8,7.7,29.6,6.8
1400000US12057013916,Census Tract 139.16; Hillsborough County; Florida,6336,653,148,183,1225,482,3786,802,1177,394,6336,(X),2.3,2.9,19.3,7.5,59.8,9.7,18.6,6.5
1400000US12057013917,Census Tract 139.17; Hillsborough County; Florida,2479,339,16,28,1046,451,878,279,539,181,2479,(X),0.6,1.1,42.2,14.4,35.4,12.5,21.7,7.5
1400000US12057013918,Census Tract 139.18; Hillsborough County; Florida,605,75,6,9,187,50,224,69,188,63,605,(X),1,1.5,30.9,8.1,37,10.4,31.1,8.8
1400000US12057013919,Census Tract 139.19; Hillsborough County; Florida,2606,177,69,87,620,243,1400,269,517,169,2606,(X),2.6,3.3,23.8,9.1,53.7,10.3,19.8,6.2
1400000US12057013922,Census Tract 139.22; Hillsborough County; Florida,2500,327,71,63,855,183,992,293,582,232,2500,(X),2.8,2.5,34.2,8.5,39.7,9.1,23.3,8.1
1400000US12057013923,Census Tract 139.23; Hillsborough County; Florida,3537,391,24,39,736,344,2013,322,764,213,3537,(X),0.7,1.1,20.8,8.5,56.9,8.6,21.6,6.2
1400000US12057013924,Census Tract 139.24; Hillsborough County; Florida,1850,221,18,21,374,144,1143,249,315,119,1850,(X),1,1.2,20.2,7.5,61.8,9.3,17,6.8
1400000US12057013925,Census Tract 139.25; Hillsborough County; Florida,2137,255,155,124,1056,215,648,261,278,112,2137,(X),7.3,5.7,49.4,10,30.3,10,13,5.7
1400000US12057013926,Census Tract 139.26; Hillsborough County; Florida,2752,240,127,64,272,107,1306,223,1047,238,2752,(X),4.6,2.3,9.9,3.8,47.5,7.3,38,7.8
1400000US12057014002,Census Tract 140.02; Hillsborough County; Florida,1148,189,24,27,816,193,193,79,115,65,1148,(X),2.1,2.3,71.1,8.2,16.8,7.1,10,5.9
1400000US12057014003,Census Tract 140.03; Hillsborough County; Florida,662,123,34,22,130,48,301,120,197,55,662,(X),5.1,3.5,19.6,7.2,45.5,11.5,29.8,9.7
1400000US12057014007,Census Tract 140.07; Hillsborough County; Florida,5227,375,149,162,1416,503,2993,608,669,339,5227,(X),2.9,3.1,27.1,9,57.3,11.1,12.8,6.7
1400000US12057014008,Census Tract 140.08; Hillsborough County; Florida,1957,148,166,108,1300,184,375,128,116,99,1957,(X),8.5,5.2,66.4,8.8,19.2,6.3,5.9,5.2
1400000US12057014009,Census Tract 140.09; Hillsborough County; Florida,1097,110,133,59,578,107,315,72,71,55,1097,(X),12.1,5.3,52.7,6.7,28.7,5.8,6.5,5.3
1400000US12057014010,Census Tract 140.10; Hillsborough County; Florida,1370,126,93,64,872,148,343,114,62,36,1370,(X),6.8,4.6,63.6,8.7,25,8.1,4.5,2.7
1400000US12057014011,Census Tract 140.11; Hillsborough County; Florida,2683,482,292,324,1896,253,480,308,15,24,2683,(X),10.9,11.1,70.7,12.8,17.9,10.1,0.6,0.9
1400000US12057014012,Census Tract 140.12; Hillsborough County; Florida,1646,173,143,78,1118,119,379,149,6,9,1646,(X),8.7,4.8,67.9,7.3,23,7.4,0.4,0.5
1400000US12057014013,Census Tract 140.13; Hillsborough County; Florida,361,53,36,43,75,65,125,65,125,54,361,(X),10,11.8,20.8,17.6,34.6,17.5,34.6,14.9
1400000US12057014014,Census Tract 140.14; Hillsborough County; Florida,1350,142,331,99,707,128,312,110,0,15,1350,(X),24.5,7.1,52.4,7.4,23.1,7.7,0,3.8
1400000US12057014017,Census Tract 140.17; Hillsborough County; Florida,1645,147,37,29,1008,137,565,130,35,32,1645,(X),2.2,1.7,61.3,6.7,34.3,7,2.1,2
1400000US12057014104,Census Tract 141.04; Hillsborough County; Florida,972,161,79,78,628,142,219,79,46,28,972,(X),8.1,7.7,64.6,9.4,22.5,7.9,4.7,3
1400000US12057014106,Census Tract 141.06; Hillsborough County; Florida,1607,257,47,44,656,193,685,198,219,120,1607,(X),2.9,2.7,40.8,9.4,42.6,9.7,13.6,7.7
1400000US12057014108,Census Tract 141.08; Hillsborough County; Florida,2110,243,85,100,591,203,985,241,449,165,2110,(X),4,4.7,28,8.6,46.7,10.2,21.3,7.6
1400000US12057014109,Census Tract 141.09; Hillsborough County; Florida,3119,309,72,63,893,262,1453,308,701,335,3119,(X),2.3,2,28.6,8.3,46.6,10,22.5,9.6
1400000US12057014117,Census Tract 141.17; Hillsborough County; Florida,1479,146,30,22,478,149,784,151,187,76,1479,(X),2,1.5,32.3,9.7,53,8.4,12.6,4.9
1400000US12057014118,Census Tract 141.18; Hillsborough County; Florida,1893,176,16,19,661,147,910,180,306,92,1893,(X),0.8,1,34.9,7.4,48.1,8.3,16.2,4.5
1400000US12057014119,Census Tract 141.19; Hillsborough County; Florida,4437,330,67,62,1009,313,2224,346,1137,272,4437,(X),1.5,1.4,22.7,6.5,50.1,6.8,25.6,6.2
1400000US12057014121,Census Tract 141.21; Hillsborough County; Florida,2509,348,27,42,629,193,1272,225,581,315,2509,(X),1.1,1.7,25.1,7.4,50.7,9.8,23.2,10.4
1400000US12057014122,Census Tract 141.22; Hillsborough County; Florida,2807,181,202,196,727,217,1349,220,529,174,2807,(X),7.2,7.1,25.9,7,48.1,7.9,18.8,6
1400000US12057014200,Census Tract 142; Hillsborough County; Florida,2024,243,587,230,1301,216,117,89,19,30,2024,(X),29,10.1,64.3,9.7,5.8,4.3,0.9,1.5
1400000US12057014300,Census Tract 143; Hillsborough County; Florida,1552,179,50,42,344,142,456,119,702,173,1552,(X),3.2,2.7,22.2,8.5,29.4,8.2,45.2,8.8
1400000US12057014400,Census Tract 144; Hillsborough County; Florida,2076,235,0,21,813,246,892,189,371,170,2076,(X),0,2.5,39.2,9.7,43,9.8,17.9,7.8
1400000US12057980100,Census Tract 9801; Hillsborough County; Florida,0,15,0,15,0,15,0,15,0,15,0,(X),-,**,-,**,-,**,-,**
1400000US12057980200,Census Tract 9802; Hillsborough County; Florida,0,15,0,15,0,15,0,15,0,15,0,(X),-,**,-,**,-,**,-,**
1400000US12057980300,Census Tract 9803; Hillsborough County; Florida,0,15,0,15,0,15,0,15,0,15,0,(X),-,**,-,**,-,**,-,**
1400000US12057980400,Census Tract 9804; Hillsborough County; Florida,41,33,18,27,15,11,8,13,0,15,41,(X),43.9,42.4,36.6,34,19.5,30.8,0,58.9
1400000US12057980500,Census Tract 9805; Hillsborough County; Florida,0,15,0,15,0,15,0,15,0,15,0,(X),-,**,-,**,-,**,-,**
1400000US12057980600,Census Tract 9806; Hillsborough County; Florida,0,15,0,15,0,15,0,15,0,15,0,(X),-,**,-,**,-,**,-,**
1400000US12057980700,Census Tract 9807; Hillsborough County; Florida,0,15,0,15,0,15,0,15,0,15,0,(X),-,**,-,**,-,**,-,**
1400000US12057990000,Census Tract 9900; Hillsborough County; Florida,0,15,0,15,0,15,0,15,0,15,0,(X),-,**,-,**,-,**,-,**
1400000US12057990100,Census Tract 9901; Hillsborough County; Florida,0,15,0,15,0,15,0,15,0,15,0,(X),-,**,-,**,-,**,-,**